-- 1. Таблица пользователей
INSERT INTO `users` (`id`, `email`, `password_hash`) VALUES
('1', 'kling.myrtie@gmail.com', 'a2ce1584e07cafaaddd6098c54477ab400c32dd2'),
('2', 'adaline.brown@gmail.com', 'e07744a8b47b53b3c16789231181cf8dd9982029'),
('3', 'qleffler@yahoo.com', '09ebed1dbb26b116cab62732a3150a69da510588'),
('4', 'uriel.stiedemann@gmail.com', '38781a5cfa5dd6c05899a52cadf86acda76bda69'),
('5', 'conner15@gmail.com', 'f9d96680d6dbdf4663b6895a4974194849c5aa37'),
('6', 'herman.wilbert@gmail.com', '687bfefcc1e644c17878538ac05278b380f1ea9f'),
('7', 'landen.lebsack@yahoo.com', 'e45228d7464c89a81bd7fedcc095961e8b4de578'),
('8', 'mherzog@hotmail.com', 'ecd6ea5d5a6afeea2fe52c7ee297c010fc9e2354'),
('9', 'schaefer.kevon@yahoo.com', '98e661cb93769d4e2a7b0548263d003925c7b0ac'),
('10', 'tanderson@gmail.com', '4374a08fc0b3bf5daf491b2c2d93e077db215616');


-- 2. Профили пользователей
INSERT INTO `profiles` (`user_id`, `gender`, `firstname`, `lastname`, `birthday`, `created_at`, `updated_at`) VALUES
('1', 'm', 'Joaquin', 'Schaefer', '2017-06-11', '2014-02-26 09:26:17', '2022-04-18 10:15:06'),
('2', 'f', 'Cheryl', 'Prohaska', '2022-04-14', '2016-03-24 20:36:56', '2022-05-06 16:07:47'),
('3', 'm', 'Nate', 'Towne', '1993-05-14', '2016-09-06 18:36:13', '2022-04-22 19:25:49'),
('4', 'f', 'Nicole', 'O\'Reilly', '1994-07-07', '2016-12-23 03:14:09', '2022-04-25 04:21:38'),
('5', 'm', 'Jeromy', 'Macejkovic', '1995-07-02', '2016-12-07 18:56:45', '2022-05-12 08:00:45'),
('6', 'f', 'Antonietta', 'Mayert', '2005-06-17', '2015-09-03 04:13:09', '2022-05-01 13:33:19'),
('7', 'm', 'Maryse', 'Dare', '1998-06-23', '2017-07-22 14:10:52', '2022-05-09 14:29:22'),
('8', 'm', 'Jarrell', 'Mayer', '2009-09-25', '2019-09-09 15:00:02', '2022-04-30 20:13:26'),
('9', 'f', 'Dorothy', 'Dickinson', '2021-10-18', '2020-08-19 14:33:08', '2022-04-21 02:26:18'),
('10', 'f', 'Jane', 'Grady', '2008-04-29', '2015-02-03 09:48:39', '2022-05-16 13:04:38');


-- 3. Таблица сообщений пользователей
INSERT INTO `messages` (`id`, `from_user_id`, `to_user_id`, `body`, `created_at`) VALUES
('1', '4', '8', 'Hello dude.', '2022-05-13 03:25:29'),
('2', '6', '1', 'Do you like this?', '2022-05-08 05:13:06'),
('3', '5', '5', 'Laboriosam dolorem sit minus tenetur omnis.', '2022-04-26 15:26:40'),
('4', '9', '10', 'Officiis ea dolorum consequuntur vitae nisi asperiores qui.', '2022-05-09 17:32:00'),
('5', '3', '4', 'Tempore voluptatibus impedit doloremque illo et quaerat quam quidem.', '2022-05-10 00:04:32'),
('6', '3', '3', 'Et optio omnis reprehenderit sint corrupti dolor quod.', '2022-05-15 08:47:16'),
('7', '8', '3', 'Eaque dicta corporis eius voluptate illo ex.', '2022-05-10 08:02:40'),
('8', '1', '2', 'Incidunt sit laudantium voluptatum natus perferendis quod animi.', '2022-04-20 10:53:43'),
('9', '1', '1', 'Cumque dolorem beatae dolore corporis provident quia inventore.', '2022-04-22 23:59:52'),
('10', '5', '1', 'Reiciendis quis et quam eum sint nulla commodi.', '2022-04-30 02:10:46');


-- 4. Таблица стран
INSERT INTO `countries` (`id`, `country`) VALUES
('1', 'Индия'), ('2', 'Ю. Корея'), ('3', 'Россия'), ('4', 'Франция'), ('5', 'США'),
('6', 'Великобритания'), ('7', 'Украина'), ('8', 'Канада'), ('9', 'Германия'), ('10', 'Китай'),
('11', 'Автралия');


-- 5. Таблица жанров
INSERT INTO `genres` (`id`, `name`) VALUES
('1', 'Комедия'), ('2', 'Мелодрама'), ('3', 'Мультфильм'), ('4', 'Фантастика'), ('5', 'Документальный'),
('6', 'Боевик'), ('7', 'Триллер'), ('8', 'Приключения'), ('9', 'Драма'), ('10', 'Детектив'),
('11', 'Романтический'), ('12', 'Детский'), ('13', 'Хоррор'), ('14', 'Фэнтэзи'), ('15', 'Нуар'),
('16', 'Семейный'), ('17', 'Биографический');


-- 6. Таблица медиа (постеры и трейлеры к фильмам)
INSERT INTO `media` (`id`, `media_type`, `filename`, `metadata`, `created_at`, `updated_at`) VALUES
('1', 'Poster', 'fugiat', NULL, '1975-08-19 10:15:20', '2022-04-12 06:29:07'),
('2', 'Poster', 'aperiam', NULL, '1985-06-17 06:40:45', '2021-11-04 19:10:05'),
('3', 'Trailer', 'ipsam', NULL, '1995-10-21 06:22:22', '2022-04-09 10:17:53'),
('4', 'Trailer', 'ipsa', NULL, '1977-11-15 04:21:53', '2021-06-30 02:08:14'),
('5', 'Trailer', 'autem', NULL, '1975-03-13 02:54:39', '2022-01-11 03:14:23'),
('6', 'Poster', 'sapiente', NULL, '1983-05-03 11:15:10', '2022-04-18 13:21:29'),
('7', 'Poster', 'laudantium', NULL, '2010-12-18 14:07:52', '2022-04-03 09:24:03'),
('8', 'Poster', 'laboriosam', NULL, '2000-07-29 15:43:21', '2022-05-16 23:14:40'),
('9', 'Trailer', 'eos', NULL, '1991-04-22 01:33:22', '2021-10-30 06:16:51'),
('10', 'Poster', 'ad', NULL, '2002-07-15 23:30:59', '2021-12-28 01:34:08'),
('11', 'Poster', 'labore', NULL, '1973-12-09 17:03:03', '2021-09-24 04:29:09'),
('12', 'Trailer', 'iure', NULL, '1973-03-18 13:58:28', '2021-06-18 15:15:26'),
('13', 'Trailer', 'ipsam', NULL, '2000-06-05 22:51:19', '2021-06-03 09:56:18'),
('14', 'Poster', 'iusto', NULL, '2003-06-25 07:23:05', '2022-01-29 19:33:32'),
('15', 'Trailer', 'non', NULL, '2015-02-03 21:15:05', '2022-03-16 22:10:25'),
('16', 'Trailer', 'cumque', NULL, '2006-02-24 02:16:31', '2021-07-29 13:27:12'),
('17', 'Trailer', 'natus', NULL, '2009-02-01 12:36:02', '2021-11-26 21:39:29'),
('18', 'Poster', 'voluptatibus', NULL, '2003-11-14 06:34:56', '2021-09-11 11:11:27'),
('19', 'Poster', 'voluptas', NULL, '1973-09-01 05:48:59', '2021-10-31 11:08:34'),
('20', 'Poster', 'natus', NULL, '1994-09-07 06:33:10', '2022-03-11 03:32:12'),
('21', 'Poster', 'placeat', NULL, '1986-10-25 00:19:26', '2021-06-26 20:20:24'),
('22', 'Poster', 'reiciendis', NULL, '1991-08-04 13:40:56', '2022-04-14 06:50:12'),
('23', 'Trailer', 'nam', NULL, '2017-11-09 22:36:59', '2022-02-05 21:18:22'),
('24', 'Poster', 'ipsum', NULL, '1979-01-05 07:24:34', '2022-01-10 21:07:12'),
('25', 'Poster', 'nulla', NULL, '2008-12-26 19:04:10', '2021-07-14 06:11:08'),
('26', 'Trailer', 'fugit', NULL, '2017-01-04 23:15:57', '2022-05-11 21:30:42'),
('27', 'Trailer', 'magnam', NULL, '1989-06-18 00:54:21', '2022-04-08 17:38:03'),
('28', 'Trailer', 'dolores', NULL, '2022-05-05 15:00:59', '2021-05-21 16:19:11'),
('29', 'Trailer', 'accusantium', NULL, '1983-05-06 13:44:00', '2021-09-12 15:51:57'),
('30', 'Trailer', 'porro', NULL, '1999-08-20 12:55:22', '2022-01-03 03:06:42'),
('31', 'Trailer', 'velit', NULL, '1993-02-26 12:43:34', '2021-09-29 04:12:47'),
('32', 'Poster', 'ipsa', NULL, '1980-04-28 03:03:19', '2021-06-05 20:16:50'),
('33', 'Trailer', 'laudantium', NULL, '1975-07-12 23:13:10', '2021-07-31 15:59:30'),
('34', 'Trailer', 'quo', NULL, '2005-06-29 18:05:55', '2021-09-07 04:19:36'),
('35', 'Trailer', 'et', NULL, '1998-07-06 00:36:16', '2021-12-28 01:30:15'),
('36', 'Trailer', 'qui', NULL, '1973-11-16 03:06:46', '2021-11-27 05:25:11'),
('37', 'Poster', 'porro', NULL, '1979-07-07 07:52:05', '2021-10-02 10:48:51'),
('38', 'Trailer', 'numquam', NULL, '2002-11-04 01:36:34', '2022-02-10 19:08:06'),
('39', 'Trailer', 'repellendus', NULL, '2000-06-14 01:06:18', '2021-11-04 18:20:18'),
('40', 'Poster', 'quasi', NULL, '1995-12-09 18:10:45', '2021-08-07 16:39:14');


-- 7. Таблица актеров
INSERT INTO `actors` (`id`, `gender`, `actor_firstname`, `actor_lastname`, `actor_birthday`, `country_id`,
`users_rating`, `created_at`, `updated_at`) VALUES 
('1', 'f', 'Николь', 'Кидман', '1980-04-23', '4', NULL, '2014-09-07 21:23:38', '2022-01-23 01:53:49'),
('2', 'm', 'Брюс', 'Уиллис', '2004-10-15', '5', NULL, '2015-06-18 08:09:09', '2022-02-17 06:08:17'),
('3', 'f', 'Шарлиз', 'Терон', '1980-12-19', '6', NULL, '2021-08-27 06:24:00', '2022-03-21 20:25:47'),
('4', 'm', 'Энтони', 'Хопкинс', '2017-05-06', '3', NULL, '2014-04-27 16:05:25', '2022-04-02 18:53:36'),
('5', 'f', 'Марго', 'Робби', '2015-02-28', '8', NULL, '2021-05-08 14:33:21', '2022-04-23 07:51:46'),
('6', 'f', 'Анджелина', 'Джоли', '1994-08-19', '1', NULL, '2019-02-01 03:39:17', '2021-09-28 07:08:12'),
('7', 'm', 'Джейк', 'Джилленхол', '2013-04-19', '6', NULL, '2020-06-03 11:56:42', '2021-05-20 15:39:40'),
('8', 'f', 'Моника', 'Белуччи', '2014-03-27', '3', NULL, '2014-01-06 23:44:09', '2021-11-12 12:22:51'),
('9', 'm', 'Киану', 'Ривз', '2015-09-23', '5', NULL, '2014-01-16 00:46:11', '2022-02-02 05:37:46'),
('10', 'f', 'Чжан', 'Цзыи', '2014-10-22', '10', NULL, '2021-02-16 21:28:41', '2022-03-22 16:13:46'),
('11', 'm', 'Джеки', 'Чан', '2002-03-02', '3', NULL, '2015-02-08 23:59:00', '2021-11-21 12:24:48'),
('12', 'f', 'Марион', 'Котийяр', '1993-04-21', '4', NULL, '2019-01-11 02:55:14', '2021-12-06 16:52:45'),
('13', 'm', 'Том', 'Харди', '1977-01-05', '9', NULL, '2019-11-28 16:12:16', '2021-11-19 04:53:10'),
('14', 'm', 'Кристиан', 'Бэйл', '1991-06-25', '9', NULL, '2016-05-30 08:56:28', '2022-04-06 12:11:14'),
('15', 'f', 'Эмма', 'Стоун', '2013-12-26', '9', NULL, '2012-07-12 03:31:01', '2022-05-16 16:01:43');


-- 8. Таблица режиссеров
INSERT INTO `directors` (`id`, `gender`, `director_firstname`, `director_lastname`, `director_birthday`,
`country_id`, `users_rating`, `created_at`, `updated_at`) VALUES 
('1', 'm', 'Роланд', 'Эммерих', '2022-05-14', '11', NULL, '1982-10-30 10:52:06', '2020-05-14 04:11:31'),
('2', 'f', 'Хлоя', 'Чжао', '2010-06-27', '2', NULL, '2021-09-10 01:31:20', '1990-09-19 12:12:25'),
('3', 'f', 'София', 'Коппола', '1970-12-08', '2', NULL, '1974-06-25 06:32:13', '1979-08-03 06:21:50'),
('4', 'm', 'Бен', 'Аффлек', '1992-03-23', '2', NULL, '1986-08-19 22:38:10', '2018-11-26 13:07:51'),
('5', 'm', 'Стивен', 'Спилберг', '1976-08-18', '9', NULL, '1981-05-23 14:04:32', '2013-12-30 01:39:01'),
('6', 'm', 'Ридли', 'Скотт', '1996-01-25', '10', NULL, '2011-04-09 00:33:11', '1975-05-13 05:54:41'),
('7', 'm', 'Джеймс', 'Кэмерон', '2006-12-18', '10', NULL, '1978-11-17 05:21:13', '2000-11-23 06:50:09'),
('8', 'm', 'Дэвид', 'Финчер', '1973-07-23', '8', NULL, '1999-12-06 18:37:21', '2000-04-07 13:26:19'),
('9', 'm', 'Альфред', 'Хичкок', '2018-12-05', '2', NULL, '2017-04-30 04:40:25', '1986-02-23 09:05:30'),
('10', 'm', 'Нил', 'Бломкамп', '2007-02-11', '5', NULL, '1993-09-24 11:40:52', '1973-02-26 05:08:53'),
('11', 'm', 'Квентин', 'Тарантино', '1972-08-17', '7', NULL, '1994-04-04 02:36:27', '1998-02-02 18:45:15'),
('12', 'm', 'Дэни', 'Вильнёв', '2015-10-10', '9', NULL, '2012-10-19 20:42:18', '2007-12-10 12:36:19'),
('13', 'm', 'Гай', 'Ричи', '2006-12-25', '1', NULL, '2017-06-26 06:04:58', '1994-07-30 04:01:45'),
('14', 'm', 'Люк', 'Бессон', '2015-12-01', '5', NULL, '1998-06-19 16:50:19', '2013-09-16 19:17:06'),
('15', 'm', 'Клинт', 'Иствуд', '1975-06-14', '8', NULL, '1982-07-19 08:55:17', '2010-12-06 05:57:07');


-- 9. Таблица фильмов
INSERT INTO `films` (`id`, `film_title`, `country_id`, `director_id`, `actor_id`, `film_release_date`,
`genre_id`, `status`, `poster_id`, `trailer_id`, `users_rating`, `created_at`, `updated_at`) VALUES 
('1', 'Матрица', '1', '4', '4', '1983-01-30', '7', 'В производстве', '25', '37', NULL, '1980-02-01 21:15:48', '2012-07-18 23:43:44'),
('2', 'Правдивая ложь', '8', '12', '13', '2014-06-09', '4', 'Премьера', '34', '10', NULL, '2003-07-20 04:05:48', '2016-03-19 21:17:47'),
('3', 'Мистер и миссис Смит', '9', '10', '14', '2009-03-10', '14', 'В производстве', '23', '37', NULL, '1975-09-13 06:18:54', '1999-08-17 04:44:24'),
('4', 'Бойцовский клуб', '5', '5', '9', '1986-12-02', '9', 'Постпродакшен', '40', '24', NULL, '1981-03-12 14:07:44', '2010-03-06 16:40:32'),
('5', 'Интерстеллар', '2', '15', '6', '1989-10-27', '5', 'Премьера онлайн', '21', '4', NULL, '2004-12-15 15:19:56', '1983-04-02 23:34:45'),
('6', 'Бегущий по лезвию 2049', '10', '13', '9', '1982-07-04', '4', 'Премьера', '25', '3', NULL, '2017-10-29 19:03:19', '2004-08-05 11:09:20'),
('7', 'Джентельмены', '2', '14', '13', '2014-08-08', '6', 'В производстве', '12', '20', NULL, '1992-05-11 02:11:48', '2015-07-25 14:43:42'),
('8', 'Криминальное чтиво', '9', '4', '1', '1996-02-05', '6', 'Премьера', '18', '36', NULL, '1970-09-14 00:30:38', '1985-08-18 10:24:19'),
('9', 'Район №9', '9', '9', '2', '2001-03-23', '14', 'Премьера онлайн', '14', '26', NULL, '2007-05-19 03:45:42', '1976-11-12 20:05:49'),
('10', 'Пятый элемент', '3', '11', '10', '2018-06-03', '4', 'Премьера', '8', '25', NULL, '2016-10-04 12:27:04', '1983-10-27 07:25:32');
	
-- 10. Таблица сериалов
INSERT INTO `serials` (`id`, `serial_title`, `country_id`, `director_id`, `actor_id`, `season_id`,
`genre_id`, `poster_id`, `trailer_id`, `users_rating`, `created_at`, `updated_at`) VALUES 
(1,'Ходячие мертвецы',11,7,6,2,15,29,26,NULL,'1981-05-05 03:51:16','1971-09-29 11:27:04'),
(2,'Игра престолов',7,6,14,4,13,3,30,NULL,'1977-12-05 18:15:32','2000-08-13 04:50:55'),
(3,'Игра в кальмара',6,11,10,5,12,40,13,NULL,'2014-12-21 23:19:19','2009-07-07 09:09:24'),
(4,'Декстер',1,5,8,6,17,32,39,NULL,'2014-01-07 20:56:58','1981-03-04 15:41:43'),
(5,'Во все тяжкие',9,6,13,3,4,18,23,NULL,'1978-03-03 16:03:40','2000-03-11 00:49:52'),
(6,'Острые козырьки',3,10,14,2,4,9,1,NULL,'2004-11-13 23:25:55','2015-06-06 21:49:19'),
(7,'Флэш',8,7,8,5,2,23,39,NULL,'2014-01-09 15:06:58','2012-12-27 11:14:05'),
(8,'Ход королевы',10,1,12,4,1,30,1,NULL,'1974-04-22 11:27:50','2006-02-04 11:13:06'),
(9,'Китайский городовой',6,10,3,6,2,34,3,NULL,'1970-01-17 22:36:15','2005-07-24 00:43:29'),
(10,'Отчаянные домохозяйки',7,13,11,6,11,37,26,NULL,'1995-08-15 01:26:09','2015-08-12 23:52:00');

ALTER TABLE kinorium.serials_seasons DROP FOREIGN KEY serials_seasons_ibfk_1;

-- 11. Таблица сезонов сериалов
INSERT INTO `serials_seasons` VALUES 
(1,'Постпродакшен',3,6,'1989-02-03',NULL,'2007-04-02 00:23:01','1981-09-27 04:50:38'),
(2,'Постпродакшен',3,1,'2018-11-25',NULL,'1985-07-24 04:11:36','2020-06-13 02:35:19'),
(3,'Премьера',4,5,'2017-12-03',NULL,'2009-01-05 04:25:51','1972-12-31 21:44:12'),
(4,'В производстве',5,4,'1986-02-24',NULL,'2020-05-31 21:46:34','2017-11-09 23:34:26'),
(5,'В производстве',3,7,'1976-11-15',NULL,'2011-10-16 12:43:54','1992-11-18 10:12:51'),
(6,'Премьера онлайн',2,10,'2014-09-08',NULL,'2020-05-16 07:25:08','1981-09-16 14:22:48'),
(7,'Постпродакшен',3,9,'1992-01-27',NULL,'1999-11-30 20:44:55','2003-03-03 04:33:40'),
(8,'Постпродакшен',6,3,'2001-06-21',NULL,'1976-07-14 06:52:20','1994-05-16 03:56:49');

-- 12. Таблица эпизодов сериалов
INSERT INTO `serials_episodes` (`id`, `serial_episode_title`, `serials_id`, `season_id`,
`episode_release_date`, `users_rating`, `created_at`, `updated_at`) VALUES 
(1,'Псы войны',9,7,'1998-01-11',NULL,'1973-08-19 21:13:31','2018-12-26 09:14:16'),
(2,'Пепел',4,2,'2015-07-07',NULL,'2014-10-25 21:05:11','1972-02-07 16:21:20'),
(3,'Враг в отражении',2,7,'2010-05-02',NULL,'1973-10-20 09:10:16','1970-12-15 11:02:44'),
(4,'Серия 3',3,4,'1993-11-08',NULL,'1975-01-30 13:07:39','2017-03-19 15:35:42'),
(5,'Игра с огнем',1,8,'1972-11-15',NULL,'1992-02-05 05:05:46','2005-08-23 00:08:56'),
(6,'Интрига',3,5,'1975-11-22',NULL,'2012-03-25 15:44:41','2000-01-05 16:53:42'),
(7,'Заказ',7,5,'1991-09-28',NULL,'2004-05-05 09:29:35','1976-01-19 16:59:59'),
(8,'Ограниченные условия',6,6,'1990-08-11',NULL,'1997-08-11 08:47:54','1993-08-05 03:20:48'),
(9,'Серия 5',5,8,'2003-01-28',NULL,'2002-02-18 18:01:04','1972-01-07 04:48:35'),
(10,'7-я серия',7,4,'1975-11-18',NULL,'2020-12-06 05:56:40','1993-11-11 17:02:01');

-- 13. Таблица пользовательских рейтингов
INSERT INTO `users_ratings` VALUES 
(1,7,5,4,4,2,2,7,6,3,7,4,15,2),
(2,1,2,9,1,5,8,8,9,9,15,3,4,5),
(3,1,7,9,3,2,8,5,4,9,3,6,4,3),
(4,2,1,6,4,4,7,10,1,10,7,7,1,5),
(5,3,2,3,6,5,6,9,9,5,1,8,7,8),
(6,9,10,8,3,4,6,3,9,4,12,4,4,1),
(7,3,3,4,3,2,1,9,4,6,11,5,6,9),
(8,8,8,3,3,9,7,6,8,6,13,8,6,9),
(9,5,4,4,1,9,5,6,3,8,14,8,1,6),
(10,10,3,5,6,6,2,5,4,2,6,3,15,6),
(11,6,9,1,6,4,8,9,5,5,7,3,6,2),
(12,10,9,8,6,2,6,4,6,10,10,8,11,8),
(13,1,10,6,6,3,8,6,10,7,15,7,10,3),
(14,10,2,4,3,10,8,8,6,6,11,2,1,9),
(15,7,7,8,2,7,4,9,7,7,3,4,10,5),
(16,6,2,7,4,6,7,5,3,2,8,9,13,6),
(17,4,10,8,4,6,6,5,3,5,8,7,14,1),
(18,2,2,5,3,2,6,2,8,5,5,3,1,1),
(19,8,10,7,4,3,5,7,8,6,6,3,1,7),
(20,8,4,7,3,4,5,5,10,7,8,6,10,3);

ALTER TABLE serials
ADD CONSTRAINT serials_ibfk_7 FOREIGN KEY (season_id) REFERENCES serials_seasons(id) ON DELETE CASCADE ON UPDATE CASCADE
;

ALTER TABLE serials_seasons
ADD CONSTRAINT serials_seasons_ibfk_1 FOREIGN KEY (episode_id) REFERENCES serials_episodes(id) ON DELETE CASCADE ON UPDATE CASCADE
;